                  epoch,             train/loss,  metrics/accuracy_top1,  metrics/accuracy_top5,               val/loss,                 lr/pg0,                 lr/pg1,                 lr/pg2
                      1,                 1.6287,                 0.6557,                 0.9683,                 1.9084,             0.00023792,             0.00023792,             0.00023792
                      2,                 1.0177,                 0.7197,                 0.9802,                 1.8469,             0.00031887,             0.00031887,             0.00031887
                      3,                0.81389,                 0.7575,                 0.9824,                 1.8006,             0.00024273,             0.00024273,             0.00024273
